<metadata xml:lang="en"><Esri><CreaDate>20230215</CreaDate><CreaTime>12432800</CreaTime><SyncOnce>FALSE</SyncOnce><DataProperties><lineage><Process Name="Create Feature Class" ToolSource="C:\Program Files\ArcGIS\ArcToolbox\Toolboxes\Data Management Tools.tbx\CreateFeatureclass" Date="20050419" Time="140540">CreateFeatureclass "Database Connections\Connection to bisgis02 (2).sde" BUILDINGS # BUILDINGS_Layer SAME_AS_TEMPLATE SAME_AS_TEMPLATE "PROJCS['NAD_1983_StatePlane_Illinois_East_FIPS_1201_Feet',GEOGCS['GCS_North_American_1983',DATUM['D_North_American_1983',SPHEROID['GRS_1980',6378137.0,298.257222101]],PRIMEM['Greenwich',0.0],UNIT['Degree',0.0174532925199433]],PROJECTION['Transverse_Mercator'],PARAMETER['False_Easting',984250.0],PARAMETER['False_Northing',0.0],PARAMETER['Central_Meridian',-88.33333333333333],PARAMETER['Scale_Factor',0.999975],PARAMETER['Latitude_Of_Origin',36.66666666666666],UNIT['Foot_US',0.3048006096012192]];648200.143112 1382800.038512 10.000000;0.000000 1.000000;0.000000 1.000000" GISLARGE 0 0 0 "Database Connections\Connection to bisgis02 (2).sde\GIS.BUILDINGS"</Process><Process Name="Append" ToolSource="C:\Program Files\ArcGIS\ArcToolbox\Toolboxes\Data Management Tools.tbx\Append" Date="20050419" Time="144447">Append BUILDINGS_Layer "Database Connections\Connection to bisgis02 (2).sde\GIS.BUILDINGS" TEST "Database Connections\Connection to bisgis02 (2).sde\GIS.BUILDINGS"</Process><Process Name="FeatureClassToFeatureClass_1" ToolSource="C:\Program Files\ArcGIS\ArcToolbox\Toolboxes\Conversion Tools.tbx\FeatureClassToFeatureClass" Date="20050419" Time="144454">FeatureClassToFeatureClass C:\Buildings.mdb\BUILDINGS "Database Connections\Connection to bisgis02 (2).sde" BUILDINGS # "BLDG_ID BLDG_ID VISIBLE;CDB_CITY_ID CDB_CITY_ID VISIBLE;BLDG_STATUS BLDG_STATUS VISIBLE;F_ADD1 F_ADD1 VISIBLE;T_ADD1 T_ADD1 VISIBLE;PRE_DIR1 PRE_DIR1 VISIBLE;ST_NAME1 ST_NAME1 VISIBLE;ST_TYPE1 ST_TYPE1 VISIBLE;F_ADD2 F_ADD2 VISIBLE;T_ADD2 T_ADD2 VISIBLE;PRE_DIR2 PRE_DIR2 VISIBLE;ST_NAME2 ST_NAME2 VISIBLE;ST_TYPE2 ST_TYPE2 VISIBLE;F_ADD3 F_ADD3 VISIBLE;T_ADD3 T_ADD3 VISIBLE;PRE_DIR3 PRE_DIR3 VISIBLE;ST_NAME3 ST_NAME3 VISIBLE;ST_TYPE3 ST_TYPE3 VISIBLE;F_ADD4 F_ADD4 VISIBLE;T_ADD4 T_ADD4 VISIBLE;PRE_DIR4 PRE_DIR4 VISIBLE;ST_NAME4 ST_NAME4 VISIBLE;ST_TYPE4 ST_TYPE4 VISIBLE;F_ADD5 F_ADD5 VISIBLE;T_ADD5 T_ADD5 VISIBLE;PRE_DIR5 PRE_DIR5 VISIBLE;ST_NAME5 ST_NAME5 VISIBLE;ST_TYPE5 ST_TYPE5 VISIBLE;UNIT_NAME UNIT_NAME VISIBLE;NON_STANDARD NON_STANDARD VISIBLE;BLDG_NAME1 BLDG_NAME1 VISIBLE;BLDG_NAME2 BLDG_NAME2 VISIBLE;COMMENTS COMMENTS VISIBLE;STORIES STORIES VISIBLE;ORIG_BLDG_ID ORIG_BLDG_ID VISIBLE;FOOTPRINT_SOURCE FOOTPRINT_SOURCE VISIBLE;CREATE_USERID CREATE_USERID VISIBLE;BLDG_CREATE_DATE BLDG_CREATE_DATE VISIBLE;BLDG_ACTIVE_DATE BLDG_ACTIVE_DATE VISIBLE;BLDG_END_DATE BLDG_END_DATE VISIBLE;DEMOLISHED_DATE DEMOLISHED_DATE VISIBLE;EDIT_DATE EDIT_DATE VISIBLE;EDIT_USERID EDIT_USERID VISIBLE;EDIT_SOURCE EDIT_SOURCE VISIBLE;QC_DATE QC_DATE VISIBLE;QC_USERID QC_USERID VISIBLE;QC_SOURCE QC_SOURCE VISIBLE;X_COORD X_COORD VISIBLE;Y_COORD Y_COORD VISIBLE;Z_COORD Z_COORD VISIBLE;HARRIS_STRUCTID HARRIS_STRUCTID VISIBLE;NO_OF_UNITS NO_OF_UNITS VISIBLE;NO_STORIES_BELOW NO_STORIES_BELOW VISIBLE;YEAR_BUILT YEAR_BUILT VISIBLE;BLDG_SQ_FOOTAGE BLDG_SQ_FOOTAGE VISIBLE;BLDG_CONDITION BLDG_CONDITION VISIBLE;CONDITION_AS_OF_DATE CONDITION_AS_OF_DATE VISIBLE;VACANCY_STATUS VACANCY_STATUS VISIBLE;SHAPE_Length SHAPE_Length VISIBLE;SHAPE_Area SHAPE_Area VISIBLE" SAME_AS_TEMPLATE SAME_AS_TEMPLATE GISLARGE 0 "Database Connections\Connection to bisgis02 (2).sde\GIS.BUILDINGS"</Process><Process ToolSource="C:\Program Files (x86)\ArcGIS\Desktop10.0\ArcToolbox\Toolboxes\Conversion Tools.tbx\FeatureClassToFeatureClass" Date="20150810" Time="151700">FeatureClassToFeatureClass "Database Connections\Connection to GISPRODE anna.sde\DATA_ADMIN.BUILDINGS" S:\GIS\Shared\_DataPortal\SHAPEFILES buildings_aug2015.shp # "BLDG_ID "BLDG_ID" true true false 4 Long 0 10 ,First,#,Database Connections\Connection to GISPRODE anna.sde\DATA_ADMIN.BUILDINGS,BLDG_ID,-1,-1;CDB_CITY_I "CDB_CITY_I" true true false 12 Text 0 0 ,First,#,Database Connections\Connection to GISPRODE anna.sde\DATA_ADMIN.BUILDINGS,CDB_CITY_ID,-1,-1;BLDG_STATU "BLDG_STATU" true true false 12 Text 0 0 ,First,#,Database Connections\Connection to GISPRODE anna.sde\DATA_ADMIN.BUILDINGS,BLDG_STATUS,-1,-1;F_ADD1 "F_ADD1" true true false 4 Long 0 10 ,First,#,Database Connections\Connection to GISPRODE anna.sde\DATA_ADMIN.BUILDINGS,F_ADD1,-1,-1;T_ADD1 "T_ADD1" true true false 4 Long 0 10 ,First,#,Database Connections\Connection to GISPRODE anna.sde\DATA_ADMIN.BUILDINGS,T_ADD1,-1,-1;PRE_DIR1 "PRE_DIR1" true true false 1 Text 0 0 ,First,#,Database Connections\Connection to GISPRODE anna.sde\DATA_ADMIN.BUILDINGS,PRE_DIR1,-1,-1;ST_NAME1 "ST_NAME1" true true false 35 Text 0 0 ,First,#,Database Connections\Connection to GISPRODE anna.sde\DATA_ADMIN.BUILDINGS,ST_NAME1,-1,-1;ST_TYPE1 "ST_TYPE1" true true false 5 Text 0 0 ,First,#,Database Connections\Connection to GISPRODE anna.sde\DATA_ADMIN.BUILDINGS,ST_TYPE1,-1,-1;UNIT_NAME "UNIT_NAME" true true false 8 Text 0 0 ,First,#,Database Connections\Connection to GISPRODE anna.sde\DATA_ADMIN.BUILDINGS,UNIT_NAME,-1,-1;NON_STANDA "NON_STANDA" true true false 8 Text 0 0 ,First,#,Database Connections\Connection to GISPRODE anna.sde\DATA_ADMIN.BUILDINGS,NON_STANDARD,-1,-1;BLDG_NAME1 "BLDG_NAME1" true true false 50 Text 0 0 ,First,#,Database Connections\Connection to GISPRODE anna.sde\DATA_ADMIN.BUILDINGS,BLDG_NAME1,-1,-1;BLDG_NAME2 "BLDG_NAME2" true true false 50 Text 0 0 ,First,#,Database Connections\Connection to GISPRODE anna.sde\DATA_ADMIN.BUILDINGS,BLDG_NAME2,-1,-1;COMMENTS "COMMENTS" true true false 50 Text 0 0 ,First,#,Database Connections\Connection to GISPRODE anna.sde\DATA_ADMIN.BUILDINGS,COMMENTS,-1,-1;STORIES "STORIES" true true false 4 Long 0 10 ,First,#,Database Connections\Connection to GISPRODE anna.sde\DATA_ADMIN.BUILDINGS,STORIES,-1,-1;ORIG_BLDG_ "ORIG_BLDG_" true true false 4 Long 0 10 ,First,#,Database Connections\Connection to GISPRODE anna.sde\DATA_ADMIN.BUILDINGS,ORIG_BLDG_ID,-1,-1;FOOTPRINT_ "FOOTPRINT_" true true false 15 Text 0 0 ,First,#,Database Connections\Connection to GISPRODE anna.sde\DATA_ADMIN.BUILDINGS,FOOTPRINT_SOURCE,-1,-1;CREATE_USE "CREATE_USE" true true false 7 Text 0 0 ,First,#,Database Connections\Connection to GISPRODE anna.sde\DATA_ADMIN.BUILDINGS,CREATE_USERID,-1,-1;BLDG_CREAT "BLDG_CREAT" true true false 36 Date 0 0 ,First,#,Database Connections\Connection to GISPRODE anna.sde\DATA_ADMIN.BUILDINGS,BLDG_CREATE_DATE,-1,-1;BLDG_ACTIV "BLDG_ACTIV" true true false 36 Date 0 0 ,First,#,Database Connections\Connection to GISPRODE anna.sde\DATA_ADMIN.BUILDINGS,BLDG_ACTIVE_DATE,-1,-1;BLDG_END_D "BLDG_END_D" true true false 36 Date 0 0 ,First,#,Database Connections\Connection to GISPRODE anna.sde\DATA_ADMIN.BUILDINGS,BLDG_END_DATE,-1,-1;DEMOLISHED "DEMOLISHED" true true false 36 Date 0 0 ,First,#,Database Connections\Connection to GISPRODE anna.sde\DATA_ADMIN.BUILDINGS,DEMOLISHED_DATE,-1,-1;EDIT_DATE "EDIT_DATE" true true false 36 Date 0 0 ,First,#,Database Connections\Connection to GISPRODE anna.sde\DATA_ADMIN.BUILDINGS,EDIT_DATE,-1,-1;EDIT_USERI "EDIT_USERI" true true false 7 Text 0 0 ,First,#,Database Connections\Connection to GISPRODE anna.sde\DATA_ADMIN.BUILDINGS,EDIT_USERID,-1,-1;EDIT_SOURC "EDIT_SOURC" true true false 15 Text 0 0 ,First,#,Database Connections\Connection to GISPRODE anna.sde\DATA_ADMIN.BUILDINGS,EDIT_SOURCE,-1,-1;QC_DATE "QC_DATE" true true false 36 Date 0 0 ,First,#,Database Connections\Connection to GISPRODE anna.sde\DATA_ADMIN.BUILDINGS,QC_DATE,-1,-1;QC_USERID "QC_USERID" true true false 7 Text 0 0 ,First,#,Database Connections\Connection to GISPRODE anna.sde\DATA_ADMIN.BUILDINGS,QC_USERID,-1,-1;QC_SOURCE "QC_SOURCE" true true false 10 Text 0 0 ,First,#,Database Connections\Connection to GISPRODE anna.sde\DATA_ADMIN.BUILDINGS,QC_SOURCE,-1,-1;X_COORD "X_COORD" true true false 8 Double 8 38 ,First,#,Database Connections\Connection to GISPRODE anna.sde\DATA_ADMIN.BUILDINGS,X_COORD,-1,-1;Y_COORD "Y_COORD" true true false 8 Double 8 38 ,First,#,Database Connections\Connection to GISPRODE anna.sde\DATA_ADMIN.BUILDINGS,Y_COORD,-1,-1;Z_COORD "Z_COORD" true true false 4 Long 0 10 ,First,#,Database Connections\Connection to GISPRODE anna.sde\DATA_ADMIN.BUILDINGS,Z_COORD,-1,-1;HARRIS_STR "HARRIS_STR" true true false 14 Text 0 0 ,First,#,Database Connections\Connection to GISPRODE anna.sde\DATA_ADMIN.BUILDINGS,HARRIS_STRUCTID,-1,-1;NO_OF_UNIT "NO_OF_UNIT" true true false 4 Long 0 10 ,First,#,Database Connections\Connection to GISPRODE anna.sde\DATA_ADMIN.BUILDINGS,NO_OF_UNITS,-1,-1;NO_STORIES "NO_STORIES" true true false 4 Long 0 10 ,First,#,Database Connections\Connection to GISPRODE anna.sde\DATA_ADMIN.BUILDINGS,NO_STORIES_BELOW,-1,-1;YEAR_BUILT "YEAR_BUILT" true true false 2 Short 0 4 ,First,#,Database Connections\Connection to GISPRODE anna.sde\DATA_ADMIN.BUILDINGS,YEAR_BUILT,-1,-1;BLDG_SQ_FO "BLDG_SQ_FO" true true false 8 Double 8 38 ,First,#,Database Connections\Connection to GISPRODE anna.sde\DATA_ADMIN.BUILDINGS,BLDG_SQ_FOOTAGE,-1,-1;BLDG_CONDI "BLDG_CONDI" true true false 18 Text 0 0 ,First,#,Database Connections\Connection to GISPRODE anna.sde\DATA_ADMIN.BUILDINGS,BLDG_CONDITION,-1,-1;CONDITION_ "CONDITION_" true true false 36 Date 0 0 ,First,#,Database Connections\Connection to GISPRODE anna.sde\DATA_ADMIN.BUILDINGS,CONDITION_AS_OF_DATE,-1,-1;VACANCY_ST "VACANCY_ST" true true false 1 Text 0 0 ,First,#,Database Connections\Connection to GISPRODE anna.sde\DATA_ADMIN.BUILDINGS,VACANCY_STATUS,-1,-1;LABEL_HOUS "LABEL_HOUS" true true false 15 Text 0 0 ,First,#,Database Connections\Connection to GISPRODE anna.sde\DATA_ADMIN.BUILDINGS,LABEL_HOUSE_NO,-1,-1;SUF_DIR1 "SUF_DIR1" true true false 10 Text 0 0 ,First,#,Database Connections\Connection to GISPRODE anna.sde\DATA_ADMIN.BUILDINGS,SUF_DIR1,-1,-1;SHAPE_AREA "SHAPE_AREA" false false true 0 Double 0 0 ,First,#,Database Connections\Connection to GISPRODE anna.sde\DATA_ADMIN.BUILDINGS,SHAPE.AREA,-1,-1;SHAPE_LEN "SHAPE_LEN" false false true 0 Double 0 0 ,First,#,Database Connections\Connection to GISPRODE anna.sde\DATA_ADMIN.BUILDINGS,SHAPE.LEN,-1,-1" #</Process><Process ToolSource="c:\program files\arcgis\pro\Resources\ArcToolbox\toolboxes\Data Management Tools.tbx\Project" Date="20230215" Time="124329">Project buildings C:\Users\user\Documents\ArcGIS\Projects\MyProject\MyProject.gdb\buildings_Project PROJCS["NAD_1983_UTM_Zone_16N",GEOGCS["GCS_North_American_1983",DATUM["D_North_American_1983",SPHEROID["GRS_1980",6378137.0,298.257222101]],PRIMEM["Greenwich",0.0],UNIT["Degree",0.0174532925199433]],PROJECTION["Transverse_Mercator"],PARAMETER["False_Easting",500000.0],PARAMETER["False_Northing",0.0],PARAMETER["Central_Meridian",-87.0],PARAMETER["Scale_Factor",0.9996],PARAMETER["Latitude_Of_Origin",0.0],UNIT["Meter",1.0]] # PROJCS["NAD_1983_StatePlane_Illinois_East_FIPS_1201_Feet",GEOGCS["GCS_North_American_1983",DATUM["D_North_American_1983",SPHEROID["GRS_1980",6378137.0,298.257222101]],PRIMEM["Greenwich",0.0],UNIT["Degree",0.0174532925199433]],PROJECTION["Transverse_Mercator"],PARAMETER["False_Easting",984250.0],PARAMETER["False_Northing",0.0],PARAMETER["Central_Meridian",-88.33333333333333],PARAMETER["Scale_Factor",0.999975],PARAMETER["Latitude_Of_Origin",36.66666666666666],UNIT["Foot_US",0.3048006096012192]] NO_PRESERVE_SHAPE # NO_VERTICAL</Process><Process ToolSource="c:\program files\arcgis\pro\Resources\ArcToolbox\toolboxes\Data Management Tools.tbx\JoinField" Date="20230301" Time="162214">JoinField buildings_Project BLDG_ID ZonalSt_buildin1 BLDG_ID AREA;MEAN "Select transfer fields" #</Process><Process ToolSource="c:\program files\arcgis\pro\Resources\ArcToolbox\toolboxes\Data Management Tools.tbx\FeatureToPoint" Date="20230301" Time="164732">FeatureToPoint buildings_Project C:\Users\user\Documents\ArcGIS\Projects\MyProject\MyProject.gdb\buildings_Proj_FeatureToPoin CENTROID</Process><Process ToolSource="c:\program files\arcgis\pro\Resources\ArcToolbox\toolboxes\Data Management Tools.tbx\CopyFeatures" Date="20230301" Time="164947">CopyFeatures buildings_Proj_FeatureToPoin "E:\data\potential electrcity\vector\rooftop_vector\buildings_Proj_FeatureToPoin.shp" # # # #</Process></lineage><itemProps><itemName Sync="TRUE">buildings_Proj_FeatureToPoin</itemName><imsContentType Sync="TRUE">002</imsContentType><itemSize Sync="TRUE">0.000</itemSize><itemLocation><linkage Sync="TRUE">file://\\DESKTOP-416T8UI\E$\data\potential electrcity\vector\rooftop_vector\buildings_Proj_FeatureToPoin.shp</linkage><protocol Sync="TRUE">Local Area Network</protocol></itemLocation></itemProps><coordRef><type Sync="TRUE">Projected</type><geogcsn Sync="TRUE">GCS_North_American_1983</geogcsn><projcsn Sync="TRUE">NAD_1983_UTM_Zone_16N</projcsn><peXml Sync="TRUE">&lt;ProjectedCoordinateSystem xsi:type='typens:ProjectedCoordinateSystem' xmlns:xsi='http://www.w3.org/2001/XMLSchema-instance' xmlns:xs='http://www.w3.org/2001/XMLSchema' xmlns:typens='http://www.esri.com/schemas/ArcGIS/3.1.0'&gt;&lt;WKT&gt;PROJCS[&amp;quot;NAD_1983_UTM_Zone_16N&amp;quot;,GEOGCS[&amp;quot;GCS_North_American_1983&amp;quot;,DATUM[&amp;quot;D_North_American_1983&amp;quot;,SPHEROID[&amp;quot;GRS_1980&amp;quot;,6378137.0,298.257222101]],PRIMEM[&amp;quot;Greenwich&amp;quot;,0.0],UNIT[&amp;quot;Degree&amp;quot;,0.0174532925199433]],PROJECTION[&amp;quot;Transverse_Mercator&amp;quot;],PARAMETER[&amp;quot;False_Easting&amp;quot;,500000.0],PARAMETER[&amp;quot;False_Northing&amp;quot;,0.0],PARAMETER[&amp;quot;Central_Meridian&amp;quot;,-87.0],PARAMETER[&amp;quot;Scale_Factor&amp;quot;,0.9996],PARAMETER[&amp;quot;Latitude_Of_Origin&amp;quot;,0.0],UNIT[&amp;quot;Meter&amp;quot;,1.0],AUTHORITY[&amp;quot;EPSG&amp;quot;,26916]]&lt;/WKT&gt;&lt;XOrigin&gt;-5120900&lt;/XOrigin&gt;&lt;YOrigin&gt;-9998100&lt;/YOrigin&gt;&lt;XYScale&gt;450445547.3910538&lt;/XYScale&gt;&lt;ZOrigin&gt;-100000&lt;/ZOrigin&gt;&lt;ZScale&gt;10000&lt;/ZScale&gt;&lt;MOrigin&gt;-100000&lt;/MOrigin&gt;&lt;MScale&gt;10000&lt;/MScale&gt;&lt;XYTolerance&gt;0.001&lt;/XYTolerance&gt;&lt;ZTolerance&gt;0.001&lt;/ZTolerance&gt;&lt;MTolerance&gt;0.001&lt;/MTolerance&gt;&lt;HighPrecision&gt;true&lt;/HighPrecision&gt;&lt;WKID&gt;26916&lt;/WKID&gt;&lt;LatestWKID&gt;26916&lt;/LatestWKID&gt;&lt;/ProjectedCoordinateSystem&gt;</peXml><csUnits Sync="TRUE">Linear Unit: Meter (1.000000)</csUnits></coordRef></DataProperties><SyncDate>20230301</SyncDate><SyncTime>16483000</SyncTime><ModDate>20230301</ModDate><ModTime>16483000</ModTime><ArcGISFormat>1.0</ArcGISFormat></Esri><idinfo><citation><citeinfo><onlink Sync="TRUE">Server=gisprod; Service=5151; User=data_admin; Version=SDE.DEFAULT</onlink></citeinfo></citation></idinfo><distInfo><distributor><distorTran><onLineSrc><linkage Sync="TRUE">Server=gisprod; Service=5151; User=data_admin; Version=SDE.DEFAULT</linkage><protocol Sync="TRUE">ArcSDE Connection</protocol></onLineSrc></distorTran></distributor><distFormat><formatName Sync="TRUE">Shapefile</formatName></distFormat><distTranOps><transSize Sync="TRUE">0.000</transSize></distTranOps></distInfo><dataqual><lineage><procstep><procdesc Sync="TRUE">Dataset copied.</procdesc><srcused Sync="TRUE">Server=bisgis02; Service=5151; User=gis; Version=SDE.DEFAULT</srcused><date Sync="TRUE">20050801</date><time Sync="TRUE">12480900</time></procstep><procstep><procdesc Sync="TRUE">Dataset copied.</procdesc><srcused Sync="TRUE">Server=dc6500c; Service=5151; User=data_admin; Version=SDE.DEFAULT</srcused><date Sync="TRUE">20050806</date><time Sync="TRUE">16523700</time></procstep><procstep><procdesc Sync="TRUE">Dataset copied.</procdesc><srcused Sync="TRUE">Server=dc6500b; Service=5151; User=ds06183; Version=SDE.DEFAULT</srcused><date Sync="TRUE">20071015</date><time Sync="TRUE">16224000</time></procstep></lineage></dataqual><dataIdInfo><envirDesc Sync="TRUE">Microsoft Windows 10 Version 10.0 (Build 19045) ; Esri ArcGIS 13.1.0.41833</envirDesc><dataLang><languageCode value="eng" country="USA"></languageCode><countryCode value="KOR" Sync="TRUE"></countryCode></dataLang><idCitation><resTitle Sync="TRUE">buildings_Proj_FeatureToPoin</resTitle><presForm><PresFormCd value="005"></PresFormCd></presForm></idCitation><descKeys><thesaName uuidref="723f6998-058e-11dc-8314-0800200c9a66"></thesaName><keyword Sync="TRUE">002</keyword></descKeys><spatRpType><SpatRepTypCd value="001"></SpatRepTypCd></spatRpType></dataIdInfo><mdLang><languageCode value="eng"></languageCode><countryCode value="KOR" Sync="TRUE"></countryCode></mdLang><mdHrLv><ScopeCd value="005"></ScopeCd></mdHrLv><mdHrLvName Sync="TRUE">dataset</mdHrLvName><refSysInfo><RefSystem><refSysID><identCode code="3435"></identCode><idCodeSpace Sync="TRUE">EPSG</idCodeSpace><idVersion Sync="TRUE">6.11(3.0.1)</idVersion></refSysID></RefSystem></refSysInfo><spdoinfo><ptvctinf><esriterm Name="buildings_Proj_FeatureToPoin"><efeatyp Sync="TRUE">Simple</efeatyp><efeageom code="1" Sync="TRUE"></efeageom><esritopo Sync="TRUE">FALSE</esritopo><efeacnt Sync="TRUE">0</efeacnt><spindex Sync="TRUE">FALSE</spindex><linrefer Sync="TRUE">FALSE</linrefer></esriterm></ptvctinf></spdoinfo><spatRepInfo><VectSpatRep><geometObjs Name="buildings_Proj_FeatureToPoin"><geoObjTyp><GeoObjTypCd value="004" Sync="TRUE"></GeoObjTypCd></geoObjTyp><geoObjCnt Sync="TRUE">0</geoObjCnt></geometObjs><topLvl><TopoLevCd value="001" Sync="TRUE"></TopoLevCd></topLvl></VectSpatRep></spatRepInfo><eainfo><detailed Name="buildings_Proj_FeatureToPoin"><enttyp><enttypl Sync="TRUE">buildings_Proj_FeatureToPoin</enttypl><enttypt Sync="TRUE">Feature Class</enttypt><enttypc Sync="TRUE">0</enttypc></enttyp><attr><attrlabl Sync="TRUE">FID</attrlabl><attalias Sync="TRUE">FID</attalias><attrtype Sync="TRUE">OID</attrtype><attwidth Sync="TRUE">4</attwidth><atprecis Sync="TRUE">0</atprecis><attscale Sync="TRUE">0</attscale><attrdef Sync="TRUE">Internal feature number.</attrdef><attrdefs Sync="TRUE">Esri</attrdefs><attrdomv><udom Sync="TRUE">Sequential unique whole numbers that are automatically generated.</udom></attrdomv></attr><attr><attrlabl Sync="TRUE">Shape</attrlabl><attalias Sync="TRUE">Shape</attalias><attrtype Sync="TRUE">Geometry</attrtype><attwidth Sync="TRUE">0</attwidth><atprecis Sync="TRUE">0</atprecis><attscale Sync="TRUE">0</attscale><attrdef Sync="TRUE">Feature geometry.</attrdef><attrdefs Sync="TRUE">ESRI</attrdefs><attrdomv><udom Sync="TRUE">Coordinates defining the features.</udom></attrdomv></attr><attr><attrlabl Sync="TRUE">BLDG_ID</attrlabl><attalias Sync="TRUE">BLDG_ID</attalias><attrtype Sync="TRUE">Integer</attrtype><attwidth Sync="TRUE">10</attwidth><atprecis Sync="TRUE">10</atprecis><attscale Sync="TRUE">0</attscale></attr><attr><attrlabl Sync="TRUE">CDB_CITY_I</attrlabl><attalias Sync="TRUE">CDB_CITY_I</attalias><attrtype Sync="TRUE">String</attrtype><attwidth Sync="TRUE">12</attwidth><atprecis Sync="TRUE">0</atprecis><attscale Sync="TRUE">0</attscale></attr><attr><attrlabl Sync="TRUE">BLDG_STATU</attrlabl><attalias Sync="TRUE">BLDG_STATU</attalias><attrtype Sync="TRUE">String</attrtype><attwidth Sync="TRUE">12</attwidth><atprecis Sync="TRUE">0</atprecis><attscale Sync="TRUE">0</attscale></attr><attr><attrlabl Sync="TRUE">F_ADD1</attrlabl><attalias Sync="TRUE">F_ADD1</attalias><attrtype Sync="TRUE">Integer</attrtype><attwidth Sync="TRUE">10</attwidth><atprecis Sync="TRUE">10</atprecis><attscale Sync="TRUE">0</attscale></attr><attr><attrlabl Sync="TRUE">T_ADD1</attrlabl><attalias Sync="TRUE">T_ADD1</attalias><attrtype Sync="TRUE">Integer</attrtype><attwidth Sync="TRUE">10</attwidth><atprecis Sync="TRUE">10</atprecis><attscale Sync="TRUE">0</attscale></attr><attr><attrlabl Sync="TRUE">PRE_DIR1</attrlabl><attalias Sync="TRUE">PRE_DIR1</attalias><attrtype Sync="TRUE">String</attrtype><attwidth Sync="TRUE">1</attwidth><atprecis Sync="TRUE">0</atprecis><attscale Sync="TRUE">0</attscale></attr><attr><attrlabl Sync="TRUE">ST_NAME1</attrlabl><attalias Sync="TRUE">ST_NAME1</attalias><attrtype Sync="TRUE">String</attrtype><attwidth Sync="TRUE">35</attwidth><atprecis Sync="TRUE">0</atprecis><attscale Sync="TRUE">0</attscale></attr><attr><attrlabl Sync="TRUE">ST_TYPE1</attrlabl><attalias Sync="TRUE">ST_TYPE1</attalias><attrtype Sync="TRUE">String</attrtype><attwidth Sync="TRUE">5</attwidth><atprecis Sync="TRUE">0</atprecis><attscale Sync="TRUE">0</attscale></attr><attr><attrlabl Sync="TRUE">UNIT_NAME</attrlabl><attalias Sync="TRUE">UNIT_NAME</attalias><attrtype Sync="TRUE">String</attrtype><attwidth Sync="TRUE">8</attwidth><atprecis Sync="TRUE">0</atprecis><attscale Sync="TRUE">0</attscale></attr><attr><attrlabl Sync="TRUE">NON_STANDA</attrlabl><attalias Sync="TRUE">NON_STANDA</attalias><attrtype Sync="TRUE">String</attrtype><attwidth Sync="TRUE">8</attwidth><atprecis Sync="TRUE">0</atprecis><attscale Sync="TRUE">0</attscale></attr><attr><attrlabl Sync="TRUE">BLDG_NAME1</attrlabl><attalias Sync="TRUE">BLDG_NAME1</attalias><attrtype Sync="TRUE">String</attrtype><attwidth Sync="TRUE">50</attwidth><atprecis Sync="TRUE">0</atprecis><attscale Sync="TRUE">0</attscale></attr><attr><attrlabl Sync="TRUE">BLDG_NAME2</attrlabl><attalias Sync="TRUE">BLDG_NAME2</attalias><attrtype Sync="TRUE">String</attrtype><attwidth Sync="TRUE">50</attwidth><atprecis Sync="TRUE">0</atprecis><attscale Sync="TRUE">0</attscale></attr><attr><attrlabl Sync="TRUE">COMMENTS</attrlabl><attalias Sync="TRUE">COMMENTS</attalias><attrtype Sync="TRUE">String</attrtype><attwidth Sync="TRUE">50</attwidth><atprecis Sync="TRUE">0</atprecis><attscale Sync="TRUE">0</attscale></attr><attr><attrlabl Sync="TRUE">STORIES</attrlabl><attalias Sync="TRUE">STORIES</attalias><attrtype Sync="TRUE">Integer</attrtype><attwidth Sync="TRUE">10</attwidth><atprecis Sync="TRUE">10</atprecis><attscale Sync="TRUE">0</attscale></attr><attr><attrlabl Sync="TRUE">ORIG_BLDG_</attrlabl><attalias Sync="TRUE">ORIG_BLDG_</attalias><attrtype Sync="TRUE">Integer</attrtype><attwidth Sync="TRUE">10</attwidth><atprecis Sync="TRUE">10</atprecis><attscale Sync="TRUE">0</attscale></attr><attr><attrlabl Sync="TRUE">FOOTPRINT_</attrlabl><attalias Sync="TRUE">FOOTPRINT_</attalias><attrtype Sync="TRUE">String</attrtype><attwidth Sync="TRUE">15</attwidth><atprecis Sync="TRUE">0</atprecis><attscale Sync="TRUE">0</attscale></attr><attr><attrlabl Sync="TRUE">CREATE_USE</attrlabl><attalias Sync="TRUE">CREATE_USE</attalias><attrtype Sync="TRUE">String</attrtype><attwidth Sync="TRUE">7</attwidth><atprecis Sync="TRUE">0</atprecis><attscale Sync="TRUE">0</attscale></attr><attr><attrlabl Sync="TRUE">BLDG_CREAT</attrlabl><attalias Sync="TRUE">BLDG_CREAT</attalias><attrtype Sync="TRUE">Date</attrtype><attwidth Sync="TRUE">8</attwidth><atprecis Sync="TRUE">0</atprecis><attscale Sync="TRUE">0</attscale></attr><attr><attrlabl Sync="TRUE">BLDG_ACTIV</attrlabl><attalias Sync="TRUE">BLDG_ACTIV</attalias><attrtype Sync="TRUE">Date</attrtype><attwidth Sync="TRUE">8</attwidth><atprecis Sync="TRUE">0</atprecis><attscale Sync="TRUE">0</attscale></attr><attr><attrlabl Sync="TRUE">BLDG_END_D</attrlabl><attalias Sync="TRUE">BLDG_END_D</attalias><attrtype Sync="TRUE">Date</attrtype><attwidth Sync="TRUE">8</attwidth><atprecis Sync="TRUE">0</atprecis><attscale Sync="TRUE">0</attscale></attr><attr><attrlabl Sync="TRUE">DEMOLISHED</attrlabl><attalias Sync="TRUE">DEMOLISHED</attalias><attrtype Sync="TRUE">Date</attrtype><attwidth Sync="TRUE">8</attwidth><atprecis Sync="TRUE">0</atprecis><attscale Sync="TRUE">0</attscale></attr><attr><attrlabl Sync="TRUE">EDIT_DATE</attrlabl><attalias Sync="TRUE">EDIT_DATE</attalias><attrtype Sync="TRUE">Date</attrtype><attwidth Sync="TRUE">8</attwidth><atprecis Sync="TRUE">0</atprecis><attscale Sync="TRUE">0</attscale></attr><attr><attrlabl Sync="TRUE">EDIT_USERI</attrlabl><attalias Sync="TRUE">EDIT_USERI</attalias><attrtype Sync="TRUE">String</attrtype><attwidth Sync="TRUE">7</attwidth><atprecis Sync="TRUE">0</atprecis><attscale Sync="TRUE">0</attscale></attr><attr><attrlabl Sync="TRUE">EDIT_SOURC</attrlabl><attalias Sync="TRUE">EDIT_SOURC</attalias><attrtype Sync="TRUE">String</attrtype><attwidth Sync="TRUE">15</attwidth><atprecis Sync="TRUE">0</atprecis><attscale Sync="TRUE">0</attscale></attr><attr><attrlabl Sync="TRUE">QC_DATE</attrlabl><attalias Sync="TRUE">QC_DATE</attalias><attrtype Sync="TRUE">Date</attrtype><attwidth Sync="TRUE">8</attwidth><atprecis Sync="TRUE">0</atprecis><attscale Sync="TRUE">0</attscale></attr><attr><attrlabl Sync="TRUE">QC_USERID</attrlabl><attalias Sync="TRUE">QC_USERID</attalias><attrtype Sync="TRUE">String</attrtype><attwidth Sync="TRUE">7</attwidth><atprecis Sync="TRUE">0</atprecis><attscale Sync="TRUE">0</attscale></attr><attr><attrlabl Sync="TRUE">QC_SOURCE</attrlabl><attalias Sync="TRUE">QC_SOURCE</attalias><attrtype Sync="TRUE">String</attrtype><attwidth Sync="TRUE">10</attwidth><atprecis Sync="TRUE">0</atprecis><attscale Sync="TRUE">0</attscale></attr><attr><attrlabl Sync="TRUE">X_COORD</attrlabl><attalias Sync="TRUE">X_COORD</attalias><attrtype Sync="TRUE">Double</attrtype><attwidth Sync="TRUE">19</attwidth><atprecis Sync="TRUE">0</atprecis><attscale Sync="TRUE">0</attscale></attr><attr><attrlabl Sync="TRUE">Y_COORD</attrlabl><attalias Sync="TRUE">Y_COORD</attalias><attrtype Sync="TRUE">Double</attrtype><attwidth Sync="TRUE">19</attwidth><atprecis Sync="TRUE">0</atprecis><attscale Sync="TRUE">0</attscale></attr><attr><attrlabl Sync="TRUE">Z_COORD</attrlabl><attalias Sync="TRUE">Z_COORD</attalias><attrtype Sync="TRUE">Integer</attrtype><attwidth Sync="TRUE">10</attwidth><atprecis Sync="TRUE">10</atprecis><attscale Sync="TRUE">0</attscale></attr><attr><attrlabl Sync="TRUE">HARRIS_STR</attrlabl><attalias Sync="TRUE">HARRIS_STR</attalias><attrtype Sync="TRUE">String</attrtype><attwidth Sync="TRUE">14</attwidth><atprecis Sync="TRUE">0</atprecis><attscale Sync="TRUE">0</attscale></attr><attr><attrlabl Sync="TRUE">NO_OF_UNIT</attrlabl><attalias Sync="TRUE">NO_OF_UNIT</attalias><attrtype Sync="TRUE">Integer</attrtype><attwidth Sync="TRUE">10</attwidth><atprecis Sync="TRUE">10</atprecis><attscale Sync="TRUE">0</attscale></attr><attr><attrlabl Sync="TRUE">NO_STORIES</attrlabl><attalias Sync="TRUE">NO_STORIES</attalias><attrtype Sync="TRUE">Integer</attrtype><attwidth Sync="TRUE">10</attwidth><atprecis Sync="TRUE">10</atprecis><attscale Sync="TRUE">0</attscale></attr><attr><attrlabl Sync="TRUE">YEAR_BUILT</attrlabl><attalias Sync="TRUE">YEAR_BUILT</attalias><attrtype Sync="TRUE">Integer</attrtype><attwidth Sync="TRUE">5</attwidth><atprecis Sync="TRUE">5</atprecis><attscale Sync="TRUE">0</attscale></attr><attr><attrlabl Sync="TRUE">BLDG_SQ_FO</attrlabl><attalias Sync="TRUE">BLDG_SQ_FO</attalias><attrtype Sync="TRUE">Double</attrtype><attwidth Sync="TRUE">19</attwidth><atprecis Sync="TRUE">0</atprecis><attscale Sync="TRUE">0</attscale></attr><attr><attrlabl Sync="TRUE">BLDG_CONDI</attrlabl><attalias Sync="TRUE">BLDG_CONDI</attalias><attrtype Sync="TRUE">String</attrtype><attwidth Sync="TRUE">18</attwidth><atprecis Sync="TRUE">0</atprecis><attscale Sync="TRUE">0</attscale></attr><attr><attrlabl Sync="TRUE">CONDITION_</attrlabl><attalias Sync="TRUE">CONDITION_</attalias><attrtype Sync="TRUE">Date</attrtype><attwidth Sync="TRUE">8</attwidth><atprecis Sync="TRUE">0</atprecis><attscale Sync="TRUE">0</attscale></attr><attr><attrlabl Sync="TRUE">VACANCY_ST</attrlabl><attalias Sync="TRUE">VACANCY_ST</attalias><attrtype Sync="TRUE">String</attrtype><attwidth Sync="TRUE">1</attwidth><atprecis Sync="TRUE">0</atprecis><attscale Sync="TRUE">0</attscale></attr><attr><attrlabl Sync="TRUE">LABEL_HOUS</attrlabl><attalias Sync="TRUE">LABEL_HOUS</attalias><attrtype Sync="TRUE">String</attrtype><attwidth Sync="TRUE">15</attwidth><atprecis Sync="TRUE">0</atprecis><attscale Sync="TRUE">0</attscale></attr><attr><attrlabl Sync="TRUE">SUF_DIR1</attrlabl><attalias Sync="TRUE">SUF_DIR1</attalias><attrtype Sync="TRUE">String</attrtype><attwidth Sync="TRUE">10</attwidth><atprecis Sync="TRUE">0</atprecis><attscale Sync="TRUE">0</attscale></attr><attr><attrlabl Sync="TRUE">AREA</attrlabl><attalias Sync="TRUE">AREA</attalias><attrtype Sync="TRUE">Double</attrtype><attwidth Sync="TRUE">19</attwidth><atprecis Sync="TRUE">0</atprecis><attscale Sync="TRUE">0</attscale></attr><attr><attrlabl Sync="TRUE">MEAN</attrlabl><attalias Sync="TRUE">MEAN</attalias><attrtype Sync="TRUE">Double</attrtype><attwidth Sync="TRUE">19</attwidth><atprecis Sync="TRUE">0</atprecis><attscale Sync="TRUE">0</attscale></attr><attr><attrlabl Sync="TRUE">ORIG_FID</attrlabl><attalias Sync="TRUE">ORIG_FID</attalias><attrtype Sync="TRUE">Integer</attrtype><attwidth Sync="TRUE">10</attwidth><atprecis Sync="TRUE">10</atprecis><attscale Sync="TRUE">0</attscale></attr></detailed></eainfo><mdDateSt Sync="TRUE">20230301</mdDateSt></metadata>
